id_estudiante;plan;anio_ingreso;fecha_ingreso;fecha_ultimo_examen;anio_ultima_reinscripcion;promedio_sin_aplazos;promedio_con_aplazos;actividades_aprobadas;total_actividades;regular;calidad;segundo_anio
CB-015914-6;2007;2020;01/04/2020;;2021.0;8.0;8.0;2;40;S;A;N
CB-015898-1;2007;2020;01/04/2020;23/08/2021;2021.0;6.8;8.0;4;40;S;A;N
CB-015876-0;2007;2020;01/04/2020;23/08/2021;2021.0;6.4;6.4;5;40;S;A;S
CB-015788-7;2007;2020;01/04/2020;;2021.0;7.5;7.5;2;40;S;A;N
CB-015884-1;2007;2020;01/04/2020;18/08/2021;2021.0;7.67;7.67;10;40;S;A;S
CB-015930-8;2007;2020;01/04/2020;;;8.0;8.0;2;40;S;P;N
CB-015952-9;2007;2020;01/04/2020;;;8.0;8.0;2;40;S;P;N
CB-016040-3;2007;2020;01/04/2020;;;7.5;7.5;2;40;S;P;N
CB-016424-7;2007;2020;01/04/2020;;;0.0;0.0;0;40;N;P;N
CB-016073-0;2007;2020;01/04/2020;;;0.0;0.0;0;40;N;P;N
CB-016411-5;2007;2020;01/04/2020;;2021.0;7.5;7.5;2;40;S;A;N
CB-015958-8;2007;2020;01/04/2020;;2021.0;7.75;7.75;4;40;S;A;N
CB-015943-0;2007;2020;01/04/2020;;2021.0;8.8;8.8;5;40;S;A;S
CB-015921-9;2007;2020;01/04/2020;;;8.0;8.0;1;40;N;P;N
CB-016079-9;2007;2020;01/04/2020;;;6.0;6.0;2;40;S;P;N
CB-015032-7;2007;2020;01/04/2020;;2021.0;8.5;8.5;2;40;S;A;N
CB-016009-8;2007;2020;01/04/2020;18/08/2021;2021.0;6.43;7.17;8;40;S;A;S
CB-016125-6;2007;2020;01/04/2020;23/08/2021;2021.0;7.8;7.8;6;40;S;A;S
CB-015806-9;2007;2020;01/04/2020;18/08/2021;2021.0;9.0;9.0;3;40;S;A;N
CB-016445-0;2007;2020;01/04/2020;;;8.0;8.0;1;40;N;P;N
CB-015988-0;2007;2020;01/04/2020;;;8.5;8.5;2;40;S;P;N
CB-016800-5;2007;2020;01/04/2020;;2021.0;7.67;7.67;3;40;S;A;N
CB-016417-4;2007;2020;01/04/2020;;;8.0;8.0;1;40;N;P;N
CB-016083-7;2007;2020;01/04/2020;;;0.0;0.0;0;40;N;P;N
CB-016055-1;2007;2020;01/04/2020;20/08/2021;2021.0;5.8;6.88;8;40;S;A;S
CB-015813-1;2007;2020;01/04/2020;;;0.0;0.0;0;40;N;P;N
CB-016038-1;2007;2020;01/04/2020;14/12/2020;2021.0;8.0;8.0;3;40;S;A;N
CB-015798-4;2007;2020;01/04/2020;;;0.0;0.0;0;40;N;P;N
CB-016495-6;2007;2020;01/04/2020;;;6.0;6.0;1;40;N;P;N
CB-015954-5;2007;2020;01/04/2020;20/08/2021;2021.0;5.31;6.75;8;40;S;A;S
CB-016016-1;2007;2020;01/04/2020;;2021.0;6.0;6.0;1;40;N;A;N
CB-016779-3;2007;2020;01/04/2020;;;6.0;6.0;1;40;N;P;N
CB-015978-2;2007;2020;01/04/2020;;;8.0;8.0;2;40;S;P;N
CB-016033-1;2007;2020;01/04/2020;;2021.0;7.0;7.0;1;40;N;A;N
CB-016511-1;2007;2020;01/04/2020;;2021.0;8.0;8.0;1;40;N;A;N
CB-017500-1;2007;2020;01/04/2020;18/08/2021;2021.0;8.13;8.13;10;40;S;A;S
CB-015897-2;2007;2020;01/04/2020;23/08/2021;2021.0;5.33;7.0;9;40;S;A;S
CB-015828-0;2007;2020;01/04/2020;;;7.0;7.0;2;40;S;P;N
CB-016454-9;2007;2020;01/04/2020;;;6.0;6.0;1;40;N;P;N
CB-015789-5;2007;2020;01/04/2020;;;0.0;0.0;0;40;N;P;N
CB-016121-3;2007;2020;01/04/2020;;2021.0;7.0;7.0;2;40;S;A;N
CB-016019-5;2007;2020;01/04/2020;;;7.0;7.0;1;40;N;P;N
CB-015815-8;2007;2020;01/04/2020;;;0.0;0.0;0;40;N;P;N
CB-015938-3;2007;2020;01/04/2020;;;7.5;7.5;2;40;S;P;N
CB-015887-5;2007;2020;01/04/2020;18/08/2021;2021.0;6.33;7.2;7;40;S;A;S
CB-016041-1;2007;2020;01/04/2020;;;8.0;8.0;1;40;N;P;N
CB-015841-7;2007;2020;01/04/2020;18/08/2021;2021.0;7.33;7.33;5;40;S;A;S
CB-015856-5;2007;2020;01/04/2020;20/08/2021;2021.0;5.25;7.5;2;40;S;A;N
CB-016017-9;2007;2020;01/04/2020;23/08/2021;2021.0;5.23;6.33;14;40;S;A;S
CB-015870-1;2007;2020;01/04/2020;;2021.0;7.0;7.0;3;40;S;A;N
CB-016453-1;2007;2020;01/04/2020;;;7.0;7.0;1;40;N;P;N
CB-016058-6;2007;2020;01/04/2020;;;7.25;7.25;4;40;S;P;N
CB-016790-4;2007;2020;01/04/2020;;2021.0;7.0;7.0;1;40;N;A;N
CB-016497-2;2007;2020;01/04/2020;;2021.0;7.0;7.0;7;40;S;A;S
CB-015934-1;2007;2020;01/04/2020;;2021.0;8.33;8.33;3;40;S;A;N
CB-016510-3;2007;2020;01/04/2020;;;6.0;6.0;1;40;N;P;N
CB-016460-3;2007;2020;01/04/2020;;2021.0;6.0;6.0;1;40;N;A;N
CB-015994-4;2007;2020;01/04/2020;16/03/2021;2021.0;6.5;6.5;2;40;S;A;N
CB-015834-4;2007;2020;01/04/2020;;2021.0;7.67;7.67;3;40;S;A;N
CB-015973-1;2007;2020;01/04/2020;;;0.0;0.0;0;40;N;P;N
CB-015819-1;2007;2020;01/04/2020;;2021.0;6.67;6.67;3;40;S;A;N
CB-016786-6;2007;2020;01/04/2020;;2021.0;7.0;7.0;2;40;S;A;N
CB-016747-5;2007;2020;01/04/2020;;;8.5;8.5;2;40;S;P;N
CB-015319-9;2007;2020;01/04/2020;;2021.0;8.0;8.0;3;40;S;A;N
CB-015987-1;2007;2020;01/04/2020;;;8.0;8.0;2;40;S;P;N
CB-015927-8;2007;2020;01/04/2020;;;8.0;8.0;2;40;S;P;N
CB-016491-3;2007;2020;01/04/2020;;;7.0;7.0;2;40;S;P;N
CB-016047-1;2007;2020;01/04/2020;;;6.0;6.0;1;40;N;P;N
CB-015989-8;2007;2020;01/04/2020;;2021.0;8.5;8.5;2;40;S;A;N
CB-016042-0;2007;2020;01/04/2020;;2021.0;6.5;6.5;2;40;S;A;N
CB-016066-7;2007;2020;01/04/2020;;2021.0;7.0;7.0;3;40;S;A;N
CB-015896-4;2007;2020;01/04/2020;;;6.67;6.67;3;40;S;P;N
CB-015872-7;2007;2020;01/04/2020;;;6.0;6.0;2;40;S;P;N
CB-016503-1;2007;2020;01/04/2020;17/03/2021;2021.0;7.29;7.29;7;40;S;A;S
CB-016111-6;2007;2020;01/04/2020;;;7.0;7.0;1;40;N;P;N
CB-016447-6;2007;2020;01/04/2020;;;7.0;7.0;2;40;S;P;N
CB-016080-2;2007;2020;01/04/2020;;;0.0;0.0;0;40;N;P;N
CB-016134-5;2007;2020;01/04/2020;18/03/2021;;6.2;7.25;4;40;S;P;N
CB-015941-3;2007;2020;01/04/2020;20/08/2021;2021.0;5.83;6.56;9;40;S;A;S
CB-016091-8;2007;2020;01/04/2020;;;7.0;7.0;1;40;N;P;N
CB-015827-1;2007;2020;01/04/2020;15/03/2021;2021.0;6.5;8.0;3;40;S;A;N
CB-015923-5;2007;2020;01/04/2020;;2021.0;7.5;7.5;4;40;S;A;N
CB-015034-3;2007;2020;01/04/2020;;2021.0;8.0;8.0;1;40;N;A;N
CB-015842-5;2007;2020;01/04/2020;20/08/2021;2021.0;6.5;8.0;3;40;S;A;N
CB-016137-0;2007;2020;01/04/2020;;;9.0;9.0;1;40;N;P;N
CB-016499-9;2007;2020;01/04/2020;;;0.0;0.0;0;40;N;P;N
CB-015961-8;2007;2020;01/04/2020;;;6.0;6.0;1;40;N;P;N
CB-017501-0;2007;2020;01/04/2020;;2021.0;7.5;7.5;2;40;S;A;N
CB-015781-0;2007;2020;01/04/2020;;2021.0;7.33;7.33;3;40;S;A;N
CB-015959-6;2007;2020;01/04/2020;15/12/2020;2021.0;7.0;7.0;5;40;S;A;S
CB-015818-2;2007;2020;01/04/2020;18/08/2021;2021.0;7.92;8.36;13;40;S;A;S
CB-016049-7;2007;2020;01/04/2020;;;0.0;0.0;0;40;N;P;N
CB-015909-0;2007;2020;01/04/2020;;2021.0;7.0;7.0;2;40;S;A;N
CB-016008-0;2007;2020;01/04/2020;;;6.0;6.0;2;40;S;P;N
CB-015803-4;2007;2020;01/04/2020;23/08/2021;2021.0;7.75;8.09;11;40;S;A;S
CB-016396-8;2007;2020;01/04/2020;18/08/2021;2021.0;6.0;6.63;10;40;S;A;S
CB-016477-8;2007;2020;01/04/2020;;2021.0;6.67;6.67;3;40;S;A;N
CB-015797-6;2007;2020;01/04/2020;;;6.0;6.0;2;40;S;P;N
CB-016435-2;2007;2020;01/04/2020;;2021.0;9.0;9.0;1;40;N;A;N
CB-016102-7;2007;2020;01/04/2020;;2021.0;6.4;6.4;5;40;S;A;S
CB-015046-7;2007;2020;01/04/2020;;;8.67;8.67;3;40;S;P;N
CB-015933-2;2007;2020;01/04/2020;;2021.0;8.0;8.0;2;40;S;A;N
CB-015867-1;2007;2020;01/04/2020;05/08/2021;2021.0;7.43;7.43;9;40;S;A;S
CB-016114-1;2007;2020;01/04/2020;;2021.0;7.5;7.5;2;40;S;A;N
CB-016028-4;2007;2020;01/04/2020;;2021.0;7.33;7.33;3;40;S;A;N
CB-015846-8;2007;2020;01/04/2020;;;7.0;7.0;2;40;S;P;N
CB-015889-1;2007;2020;01/04/2020;;;6.0;6.0;1;40;N;P;N
CB-015908-1;2007;2020;01/04/2020;;;6.0;6.0;2;40;S;P;N
CB-016082-9;2007;2020;01/04/2020;;2021.0;7.5;7.5;2;40;S;A;N
CB-016014-4;2007;2020;01/04/2020;;;8.0;8.0;1;40;N;P;N
CB-015780-1;2007;2020;01/04/2020;;;6.0;6.0;1;40;N;P;N
CB-016072-1;2007;2020;01/04/2020;;;7.0;7.0;3;40;S;P;N
CB-016116-7;2007;2020;01/04/2020;;;6.0;6.0;2;40;S;P;N
CB-015844-1;2007;2020;01/04/2020;;2021.0;7.67;7.67;3;40;S;A;N
CB-015902-2;2007;2020;01/04/2020;;;6.0;6.0;1;40;N;P;N
CB-016025-0;2007;2020;01/04/2020;05/08/2021;2021.0;5.38;6.5;6;40;S;A;S
CB-016761-1;2007;2020;01/04/2020;18/03/2021;2021.0;6.75;8.33;3;40;S;A;N
CB-015912-0;2007;2020;01/04/2020;;2021.0;6.0;6.0;1;40;N;A;N
CB-015977-4;2007;2020;01/04/2020;;;9.0;9.0;1;40;N;P;N
CB-016129-9;2007;2020;01/04/2020;;;9.0;9.0;1;40;N;P;N
CB-015905-7;2007;2020;01/04/2020;;;7.5;7.5;2;40;S;P;N
CB-016489-1;2007;2020;01/04/2020;;;7.0;7.0;1;40;N;P;N
CB-015881-6;2007;2020;01/04/2020;;;0.0;0.0;0;40;N;P;N
CB-016428-0;2007;2020;01/04/2020;20/08/2021;2021.0;6.27;7.38;10;40;S;A;S
CB-016413-1;2007;2020;01/04/2020;;;0.0;0.0;0;40;N;P;N
CB-015865-4;2007;2020;01/04/2020;;;0.0;0.0;0;40;N;P;N
CB-015864-6;2007;2020;01/04/2020;;2021.0;7.57;7.57;7;40;S;A;S
CB-016788-2;2007;2020;01/04/2020;;2021.0;7.5;7.5;2;40;S;A;N
CB-016426-3;2007;2020;01/04/2020;;;8.0;8.0;2;40;S;P;N
CB-016463-8;2007;2020;01/04/2020;;;8.0;8.0;1;40;N;P;N
CB-015982-1;2007;2020;01/04/2020;;2021.0;7.0;7.0;2;40;S;A;N
CB-016798-0;2007;2020;01/04/2020;;2021.0;8.5;8.5;4;40;S;A;N
CB-016432-8;2007;2020;01/04/2020;;2021.0;7.33;7.33;3;40;S;A;N
CB-015776-3;2007;2020;01/04/2020;;;7.0;7.0;3;40;S;P;N
CB-016043-8;2007;2020;01/04/2020;;;7.0;7.0;1;40;N;P;N
CB-016753-0;2007;2020;01/04/2020;;;0.0;0.0;0;40;N;P;N
CB-016796-3;2007;2020;01/04/2020;23/08/2021;2021.0;5.0;7.33;8;40;S;A;S
CB-015816-6;2007;2020;01/04/2020;;2021.0;7.67;7.67;3;40;S;A;N
CB-015805-1;2007;2020;01/04/2020;;2021.0;6.5;6.5;2;40;S;A;N
CB-017503-6;2007;2020;01/04/2020;;2021.0;7.67;7.67;3;40;S;A;N
CB-015792-5;2007;2020;01/04/2020;;2021.0;7.0;7.0;4;40;S;A;N
CB-015878-6;2007;2020;01/04/2020;;;10.0;10.0;1;40;N;P;N
CB-015852-2;2007;2020;01/04/2020;;2021.0;7.5;7.5;2;40;S;A;N
CB-015918-9;2007;2020;01/04/2020;18/08/2021;2021.0;7.55;7.55;12;40;S;A;S
CB-016442-5;2007;2020;01/04/2020;;;8.0;8.0;1;40;N;P;N
CB-015939-1;2007;2020;01/04/2020;;2021.0;7.0;7.0;2;40;S;A;N
CB-016067-5;2007;2020;01/04/2020;;;6.0;6.0;2;40;S;P;N
CB-015951-1;2007;2020;01/04/2020;;;8.5;8.5;2;40;S;P;N
CB-016509-0;2007;2020;01/04/2020;19/08/2021;2021.0;7.33;7.33;3;40;S;A;N
CB-008805-2;2007;2020;01/04/2020;;;6.64;6.64;11;40;S;P;S
CB-016493-0;2007;2020;01/04/2020;18/03/2021;2021.0;5.0;7.0;3;40;S;A;N
CB-016762-9;2007;2020;01/04/2020;;2021.0;8.0;8.0;3;40;S;A;N
CB-016327-5;2007;2020;01/04/2020;;2021.0;6.75;6.75;4;40;S;A;N
CB-016470-1;2007;2020;01/04/2020;;;9.0;9.0;2;40;S;P;N
CB-015855-7;2007;2020;01/04/2020;;2021.0;7.0;7.0;1;40;N;A;N
CB-016123-0;2007;2020;01/04/2020;18/08/2021;2021.0;7.25;7.25;6;40;S;A;S
CB-014048-8;2007;2020;01/04/2020;;2021.0;0.0;0.0;0;40;N;A;N
CB-016456-5;2007;2020;01/04/2020;;;0.0;0.0;0;40;N;P;N
CB-016103-5;2007;2020;01/04/2020;;2021.0;8.0;8.0;2;40;S;A;N
CB-016118-3;2007;2020;01/04/2020;;;7.0;7.0;1;40;N;P;N
CB-016439-5;2007;2020;01/04/2020;;2021.0;8.5;8.5;2;40;S;A;N
CB-015906-5;2007;2020;01/04/2020;23/08/2021;2021.0;6.67;7.6;7;40;S;A;S
CB-017505-2;2007;2020;01/04/2020;;2021.0;7.5;7.5;2;40;S;A;N
CB-015777-1;2007;2020;01/04/2020;;;0.0;0.0;0;40;N;P;N
CB-016004-7;2007;2020;01/04/2020;;;6.33;6.33;3;40;S;P;N
CB-015957-0;2007;2020;01/04/2020;;2021.0;7.5;7.5;4;40;S;A;N
CB-015775-5;2007;2020;01/04/2020;;;0.0;0.0;0;40;N;P;N
CB-015932-4;2007;2020;01/04/2020;;;8.0;8.0;2;40;S;P;N
CB-016404-2;2007;2020;01/04/2020;18/08/2021;2021.0;8.0;8.0;5;40;S;A;S
CB-015942-1;2007;2020;01/04/2020;03/08/2021;2021.0;7.8;7.8;6;40;S;A;S
CB-015791-7;2007;2020;01/04/2020;;;6.0;6.0;1;40;N;P;N
CB-016044-6;2007;2020;01/04/2020;;2021.0;6.5;6.5;2;40;S;A;N
CB-016501-4;2007;2020;01/04/2020;;;0.0;0.0;0;40;N;P;N
CB-016018-7;2007;2020;01/04/2020;;2021.0;7.0;7.0;1;40;N;A;N
CB-013240-0;2007;2020;01/04/2020;;;0.0;0.0;0;40;N;P;N
CB-016507-3;2007;2020;01/04/2020;20/03/2021;2021.0;4.0;6.0;1;40;N;A;N
CB-015545-1;2007;2020;01/04/2020;;2021.0;9.0;9.0;2;40;S;A;N
CB-015801-8;2007;2020;01/04/2020;;;6.5;6.5;2;40;S;P;N
CB-015830-1;2007;2020;01/04/2020;19/08/2021;2021.0;5.33;6.75;9;40;S;A;S
CB-016022-5;2007;2020;01/04/2020;20/03/2021;2021.0;5.25;6.33;3;40;S;A;N
CB-015833-6;2007;2020;01/04/2020;;2021.0;6.71;6.71;7;40;S;A;S
CB-016140-0;2007;2020;01/04/2020;20/08/2021;2021.0;6.6;8.67;3;40;S;A;N
CB-016007-1;2007;2020;01/04/2020;;;0.0;0.0;0;40;N;P;N
CB-016011-0;2007;2020;01/04/2020;;;7.67;7.67;3;40;S;P;N
CB-016440-9;2007;2020;01/04/2020;16/03/2021;2021.0;5.5;6.67;3;40;S;A;N
CB-016051-9;2007;2020;01/04/2020;20/08/2021;2021.0;4.6;6.33;4;40;S;A;N
CB-016095-1;2007;2020;01/04/2020;;;0.0;0.0;0;40;N;P;N
CB-015863-8;2007;2020;01/04/2020;;;0.0;0.0;0;40;N;P;N
CB-016425-5;2007;2020;01/04/2020;;;8.0;8.0;2;40;S;P;N
CB-012097-5;2007;2020;01/04/2020;;2021.0;6.4;6.4;5;40;S;A;S
CB-015794-1;2007;2020;01/04/2020;;;6.0;6.0;1;40;N;P;N
CB-016105-1;2007;2020;01/04/2020;;;6.0;6.0;2;40;S;P;N
CB-015929-4;2007;2020;01/04/2020;18/08/2021;2021.0;7.44;7.44;11;40;S;A;S
CB-015983-9;2007;2020;01/04/2020;;;0.0;0.0;0;40;N;P;N
CB-016479-4;2007;2020;01/04/2020;;2021.0;7.0;7.0;3;40;S;A;N
CB-016467-1;2007;2020;01/04/2020;;;7.0;7.0;2;40;S;P;N
CB-016393-3;2007;2020;01/04/2020;;;0.0;0.0;0;40;N;P;N
CB-016452-2;2007;2020;01/04/2020;;2021.0;8.33;8.33;3;40;S;A;N
CB-015981-2;2007;2020;01/04/2020;;;7.5;7.5;2;40;S;P;N
CB-016414-0;2007;2020;01/04/2020;05/08/2021;2021.0;5.71;8.25;4;40;S;A;N
CB-016122-1;2007;2020;01/04/2020;;2021.0;0.0;0.0;0;40;N;A;N
CB-016026-8;2007;2020;01/04/2020;;;6.5;6.5;2;40;S;P;N
CB-016113-2;2007;2020;01/04/2020;;2021.0;8.0;8.0;2;40;S;A;N
CB-016423-9;2007;2020;01/04/2020;;;0.0;0.0;0;40;N;P;N
CB-015882-4;2007;2020;01/04/2020;;;0.0;0.0;0;40;N;P;N
CB-016462-0;2007;2020;01/04/2020;;2021.0;7.67;7.67;3;40;S;A;N
CB-016820-0;2007;2020;01/04/2020;;2021.0;9.0;9.0;2;40;S;A;N
CB-016394-1;2007;2020;01/04/2020;;;8.0;8.0;1;40;N;P;N
CB-016758-1;2007;2020;01/04/2020;16/03/2021;2021.0;6.75;6.75;8;40;S;A;S
CB-016086-1;2007;2020;01/04/2020;;2021.0;7.0;7.0;3;40;S;A;N
CB-014287-1;2007;2020;01/04/2020;;2021.0;0.0;0.0;0;40;N;A;N
CB-015874-3;2007;2020;01/04/2020;;;8.5;8.5;2;40;S;P;N
CB-016062-4;2007;2020;01/04/2020;;;0.0;0.0;0;40;N;P;N
CB-016002-1;2007;2020;01/04/2020;20/08/2021;2021.0;5.67;7.25;4;40;S;A;N
CB-015997-9;2007;2020;01/04/2020;;2021.0;8.0;8.0;5;40;S;A;S
CB-013301-5;2007;2020;01/04/2020;;;7.13;7.13;8;40;S;P;S
CB-015861-1;2007;2020;01/04/2020;19/08/2021;2021.0;6.91;7.4;13;40;S;A;S
CB-015899-9;2007;2020;01/04/2020;;2021.0;8.0;8.0;2;40;S;A;N
CB-016403-4;2007;2020;01/04/2020;;;9.5;9.5;2;40;S;P;N
CB-016030-6;2007;2020;01/04/2020;19/08/2021;2021.0;6.69;7.7;12;40;S;A;S
CB-016076-4;2007;2020;01/04/2020;17/08/2021;2021.0;6.55;7.44;10;40;S;A;S
CB-014390-8;2007;2020;01/04/2020;;;0.0;0.0;0;40;N;P;N
CB-015955-3;2007;2020;01/04/2020;;;0.0;0.0;0;40;N;P;N
CB-015871-9;2007;2020;01/04/2020;;2021.0;7.0;7.0;3;40;S;A;N
CB-016068-3;2007;2020;01/04/2020;;;8.0;8.0;1;40;N;P;N
CB-016422-1;2007;2020;01/04/2020;;;0.0;0.0;0;40;N;P;N
CB-015980-4;2007;2020;01/04/2020;;2021.0;7.5;7.5;2;40;S;A;N
CB-016023-3;2007;2020;01/04/2020;;2021.0;7.75;7.75;4;40;S;A;N
CB-017734-9;2007;2020;01/04/2020;;2021.0;8.0;8.0;2;40;S;A;N
CB-016408-5;2007;2020;01/04/2020;;;9.0;9.0;1;40;N;P;N
CB-015868-9;2007;2020;01/04/2020;;2021.0;8.25;8.25;4;40;S;A;N
CB-015979-1;2007;2020;01/04/2020;;2021.0;7.5;7.5;2;40;S;A;N
CB-016075-6;2007;2020;01/04/2020;;;8.0;8.0;2;40;S;P;N
CB-015926-0;2007;2020;01/04/2020;;2021.0;6.75;6.75;4;40;S;A;N
CB-015950-2;2007;2020;01/04/2020;;2021.0;7.33;7.33;3;40;S;A;N
CB-015850-6;2007;2020;01/04/2020;18/08/2021;2021.0;7.7;7.7;12;40;S;A;S
CB-015866-2;2007;2020;01/04/2020;;;8.0;8.0;2;40;S;P;N
CB-016092-6;2007;2020;01/04/2020;;;7.0;7.0;1;40;N;P;N
CB-015984-7;2007;2020;01/04/2020;;;7.0;7.0;1;40;N;P;N
CB-015894-8;2007;2020;01/04/2020;03/08/2021;2021.0;8.67;8.67;7;40;S;A;S
CB-015971-5;2007;2020;01/04/2020;;2021.0;7.5;7.5;2;40;S;A;N
CB-013985-4;2007;2020;01/04/2020;20/08/2021;2021.0;6.94;7.13;17;40;S;A;S
CB-016094-2;2007;2020;01/04/2020;;2021.0;6.5;6.5;2;40;S;A;N
CB-016036-5;2007;2020;01/04/2020;;2021.0;7.0;7.0;2;40;S;A;N
CB-016421-2;2007;2020;01/04/2020;;;8.0;8.0;1;40;N;P;N
CB-016098-5;2007;2020;01/04/2020;;;0.0;0.0;0;40;N;P;N
CB-013150-1;2007;2020;01/04/2020;;2021.0;7.14;7.14;7;40;S;A;S
CB-015949-9;2007;2020;01/04/2020;19/12/2020;2021.0;5.14;6.4;5;40;S;A;S
CB-013914-5;2007;2020;01/04/2020;05/08/2021;2021.0;6.59;6.81;28;40;S;A;S
CB-016039-0;2007;2020;01/04/2020;;;7.0;7.0;1;40;N;P;N
CB-016484-1;2007;2020;01/04/2020;;;6.0;6.0;3;40;S;P;N
CB-015946-4;2007;2020;01/04/2020;;2021.0;6.0;6.0;2;40;S;A;N
CB-016392-5;2007;2020;01/04/2020;;;8.0;8.0;1;40;N;P;N
CB-016131-1;2007;2020;01/04/2020;;2021.0;8.0;8.0;1;40;N;A;N
CB-015853-1;2007;2020;01/04/2020;20/08/2021;2021.0;6.08;7.11;9;40;S;A;S
CB-016063-2;2007;2020;01/04/2020;;;7.0;7.0;1;40;N;P;N
CB-016126-4;2007;2020;01/04/2020;;;0.0;0.0;0;40;N;P;N
CB-016818-8;2007;2020;01/04/2020;;2021.0;8.75;8.75;4;40;S;A;N
CB-016504-9;2007;2020;01/04/2020;;2021.0;8.5;8.5;2;40;S;A;N
CB-009496-6;2007;2020;01/04/2020;;;8.44;8.44;16;40;S;P;S
CB-016464-6;2007;2020;01/04/2020;;2021.0;6.0;6.0;2;40;S;A;N
CB-017508-7;2007;2020;01/04/2020;;2021.0;8.5;8.5;2;40;S;A;N
CB-015910-3;2007;2020;01/04/2020;23/08/2021;2021.0;4.14;6.67;3;40;S;A;N
CB-016473-5;2007;2020;01/04/2020;;;6.5;6.5;2;40;S;P;N
CB-002240-0;2007;2020;01/04/2020;;;7.06;7.06;16;40;S;P;S
CB-016107-8;2007;2020;01/04/2020;;;8.0;8.0;1;40;N;P;N
CB-016519-7;2007;2020;01/04/2020;;2021.0;6.0;6.0;1;40;N;A;N
CB-016429-8;2007;2020;01/04/2020;;;6.5;6.5;2;40;S;P;N
CB-016757-2;2007;2020;01/04/2020;;2021.0;8.0;8.0;1;40;N;A;N
CB-015821-2;2007;2020;01/04/2020;20/08/2021;2021.0;7.42;7.73;16;40;S;A;S
CB-016515-4;2007;2020;01/04/2020;18/08/2021;2021.0;7.55;7.9;10;40;S;A;S
CB-016046-2;2007;2020;01/04/2020;18/08/2021;2021.0;5.8;6.75;4;40;S;A;N
CB-016093-4;2007;2020;01/04/2020;16/03/2021;2021.0;7.09;7.6;14;40;S;A;S
CB-016482-4;2007;2020;01/04/2020;;;8.0;8.0;1;40;N;P;N
CB-016466-2;2007;2020;01/04/2020;;;7.0;7.0;1;40;N;P;N
CB-016486-7;2007;2020;01/04/2020;;;0.0;0.0;0;40;N;P;N
CB-015840-9;2007;2020;01/04/2020;19/08/2021;2021.0;6.33;7.4;12;40;S;A;S
CB-015845-0;2007;2020;01/04/2020;18/08/2021;2021.0;7.08;8.1;11;40;S;A;S
CB-015784-4;2007;2020;01/04/2020;18/08/2021;2021.0;8.17;8.17;8;40;S;A;S
CB-015849-2;2007;2020;01/04/2020;;2021.0;7.0;7.0;3;40;S;A;N
CB-016418-2;2007;2020;01/04/2020;;;6.0;6.0;1;40;N;P;N
CB-015967-7;2007;2020;01/04/2020;23/08/2021;2021.0;5.33;7.0;4;40;S;A;N
CB-015907-3;2007;2020;01/04/2020;18/08/2021;2021.0;7.27;7.7;12;40;S;A;S
CB-016749-1;2007;2020;01/04/2020;20/08/2021;2021.0;5.25;6.33;4;40;S;A;N
CB-015873-5;2007;2020;01/04/2020;;;8.0;8.0;1;40;N;P;N
CB-015817-4;2007;2020;01/04/2020;;2021.0;7.67;7.67;6;40;S;A;S
CB-016045-4;2007;2020;01/04/2020;;;6.0;6.0;2;40;S;P;N
CB-016475-1;2007;2020;01/04/2020;18/08/2021;2021.0;8.0;8.0;5;40;S;A;S
CB-015814-0;2007;2020;01/04/2020;;2021.0;7.0;7.0;4;40;S;A;N
CB-002193-4;2007;2020;01/04/2020;;;6.5;6.5;16;40;S;P;S
CB-016480-8;2007;2020;01/04/2020;;;8.0;8.0;2;40;S;P;N
CB-015857-3;2007;2020;01/04/2020;20/08/2021;2021.0;6.64;6.9;12;40;S;A;S
CB-015810-7;2007;2020;01/04/2020;;;0.0;0.0;0;40;N;P;N
CB-012229-3;2007;2020;01/04/2020;;2021.0;6.0;6.0;2;40;S;A;N
CB-015999-5;2007;2020;01/04/2020;;;8.0;8.0;1;40;N;P;N
CB-015936-7;2007;2020;01/04/2020;20/08/2021;2021.0;6.0;6.67;3;40;S;A;N
CB-015782-8;2007;2020;01/04/2020;;2021.0;7.0;7.0;15;40;S;A;S
CB-016476-0;2007;2020;01/04/2020;17/12/2020;2021.0;5.75;7.0;3;40;S;A;N
CB-016505-7;2007;2020;01/04/2020;;;6.5;6.5;2;40;S;P;N
CB-016135-3;2007;2020;01/04/2020;20/03/2021;2021.0;6.33;7.57;8;40;S;A;S
CB-015883-2;2007;2020;01/04/2020;23/08/2021;2021.0;5.77;7.0;12;40;S;A;S
CB-015284-2;2007;2020;01/04/2020;23/02/2021;2021.0;5.5;9.0;2;40;S;A;N
CB-015823-9;2007;2020;01/04/2020;;;8.5;8.5;2;40;S;P;N
CB-016141-8;2007;2020;01/04/2020;;;0.0;0.0;0;40;N;P;N
CB-015829-8;2007;2020;01/04/2020;;;8.0;8.0;2;40;S;P;N
CB-017510-9;2007;2020;01/04/2020;;2021.0;7.5;7.5;2;40;S;A;N
CB-016010-1;2007;2020;01/04/2020;27/02/2021;2021.0;5.67;7.5;2;40;S;A;N
CB-016110-8;2007;2020;01/04/2020;;;0.0;0.0;0;40;N;P;N
CB-016430-1;2007;2020;01/04/2020;18/08/2021;2021.0;7.0;7.0;3;40;S;A;N
CB-015947-2;2007;2020;01/04/2020;;;6.0;6.0;2;40;S;P;N
CB-016115-9;2007;2020;01/04/2020;20/08/2021;2021.0;6.58;6.82;13;40;S;A;S
CB-016037-3;2007;2020;01/04/2020;18/08/2021;2021.0;6.8;7.22;10;40;S;A;S
CB-015877-8;2007;2020;01/04/2020;;2021.0;8.0;8.0;2;40;S;A;N
CB-016013-6;2007;2020;01/04/2020;;2021.0;8.0;8.0;2;40;S;A;N
CB-016496-4;2007;2020;01/04/2020;;;7.0;7.0;2;40;S;P;N
CB-015917-1;2007;2020;01/04/2020;20/08/2021;2021.0;7.58;8.0;12;40;S;A;S
CB-015862-0;2007;2020;01/04/2020;;;0.0;0.0;0;40;N;P;N
CB-016001-2;2007;2020;01/04/2020;;2021.0;8.33;8.33;3;40;S;A;N
CB-016494-8;2007;2020;01/04/2020;15/03/2021;2021.0;6.67;6.67;3;40;S;A;N
CB-012329-0;2007;2020;01/04/2020;18/08/2021;2021.0;6.65;6.65;22;40;S;A;S
CB-015802-6;2007;2020;01/04/2020;;2021.0;8.33;8.33;3;40;S;A;N
CB-015996-1;2007;2020;01/04/2020;;;9.0;9.0;1;40;N;P;N
CB-015820-4;2007;2020;01/04/2020;23/08/2021;2021.0;5.63;7.8;7;40;S;A;S
CB-015839-5;2007;2020;01/04/2020;;;0.0;0.0;0;40;N;P;N
CB-016100-1;2007;2020;01/04/2020;;2021.0;6.0;6.0;2;40;S;A;N
CB-015835-2;2007;2020;01/04/2020;;;8.75;8.75;4;40;S;P;N
CB-016434-4;2007;2020;01/04/2020;;;0.0;0.0;0;40;N;P;N
CB-014100-0;2007;2020;01/04/2020;;2021.0;6.0;6.0;2;40;S;A;N
CB-011899-7;2007;2020;01/04/2020;;2021.0;8.0;8.0;3;40;S;A;N
CB-016006-3;2007;2020;01/04/2020;20/08/2021;2021.0;5.14;8.67;3;40;S;A;N
CB-016446-8;2007;2020;01/04/2020;;;7.0;7.0;2;40;S;P;N
CB-016416-6;2007;2020;01/04/2020;19/08/2021;2021.0;6.4;6.89;13;40;S;A;S
CB-015809-3;2007;2020;01/04/2020;16/03/2021;2021.0;6.6;6.6;5;40;S;A;S
CB-016089-6;2007;2020;01/04/2020;;2021.0;9.0;9.0;2;40;S;A;N
CB-016751-3;2007;2020;01/04/2020;;;7.0;7.0;2;40;S;P;N
CB-015847-6;2007;2020;01/04/2020;;;7.5;7.5;2;40;S;P;N
CB-015811-5;2007;2020;01/04/2020;;2021.0;7.5;7.5;2;40;S;A;N
CB-015793-3;2007;2020;01/04/2020;;;0.0;0.0;0;40;N;P;N
CB-016142-6;2007;2020;01/04/2020;;;0.0;0.0;0;40;N;P;N
CB-016059-4;2007;2020;01/04/2020;;2021.0;7.67;7.67;3;40;S;A;N
CB-015831-0;2007;2020;01/04/2020;23/08/2021;2021.0;5.18;7.0;7;40;S;A;S
CB-016127-2;2007;2020;01/04/2020;;;8.5;8.5;2;40;S;P;N
CB-016136-1;2007;2020;01/04/2020;;;0.0;0.0;0;40;N;P;N
CB-016034-9;2007;2020;01/04/2020;;;8.5;8.5;2;40;S;P;N
CB-016746-7;2007;2020;01/04/2020;05/08/2021;2021.0;5.7;6.38;8;40;S;A;S
CB-016745-9;2007;2020;01/04/2020;05/08/2021;2021.0;5.91;7.0;8;40;S;A;S
CB-017659-8;2007;2020;01/04/2020;18/08/2021;2021.0;7.67;7.67;7;40;S;A;S
CB-015860-3;2007;2020;01/04/2020;18/08/2021;2021.0;7.63;7.63;10;40;S;A;S
CB-015915-4;2007;2020;01/04/2020;;;7.0;7.0;2;40;S;P;N
CB-015990-1;2007;2020;01/04/2020;;;9.0;9.0;1;40;N;P;N
CB-016490-5;2007;2020;01/04/2020;;;6.0;6.0;1;40;N;P;N
CB-016448-4;2007;2020;01/04/2020;;;7.0;7.0;4;40;S;P;N
CB-015992-8;2007;2020;01/04/2020;;;0.0;0.0;0;40;N;P;N
CB-016101-9;2007;2020;01/04/2020;;;0.0;0.0;0;40;N;P;N
CB-016138-8;2007;2020;01/04/2020;;2021.0;9.0;9.0;1;40;N;A;N
CB-002532-8;2007;2020;01/04/2020;;;6.0;6.0;4;40;S;P;N
CB-015779-8;2007;2020;01/04/2020;;;0.0;0.0;0;40;N;P;N
CB-015812-3;2007;2020;01/04/2020;;2021.0;7.0;7.0;5;40;S;A;S
CB-015807-7;2007;2020;01/04/2020;16/03/2021;2021.0;5.75;7.0;3;40;S;A;N
CB-015778-0;2007;2020;01/04/2020;;;0.0;0.0;0;40;N;P;N
CB-015998-7;2007;2020;01/04/2020;;2021.0;6.5;6.5;2;40;S;A;N
CB-015838-7;2007;2020;01/04/2020;;;6.0;6.0;2;40;S;P;N
CB-015790-9;2007;2020;01/04/2020;;;6.0;6.0;1;40;N;P;N
CB-016451-4;2007;2020;01/04/2020;;;7.0;7.0;2;40;S;P;N
CB-015880-8;2007;2020;01/04/2020;07/08/2021;2021.0;5.31;7.5;8;40;S;A;S
CB-016117-5;2007;2020;01/04/2020;;;9.0;9.0;1;40;N;P;N
CB-016760-2;2007;2020;01/04/2020;;2021.0;8.5;8.5;2;40;S;A;N
CB-016488-3;2007;2020;01/04/2020;;;0.0;0.0;0;40;N;P;N
CB-015786-1;2007;2020;01/04/2020;;;8.5;8.5;2;40;S;P;N
CB-015858-1;2007;2020;01/04/2020;19/08/2021;2021.0;7.2;7.78;11;40;S;A;S
CB-015945-6;2007;2020;01/04/2020;20/08/2021;2021.0;7.23;7.82;12;40;S;A;S
CB-016441-7;2007;2020;01/04/2020;;2021.0;7.33;7.33;6;40;S;A;S
CB-015888-3;2007;2020;01/04/2020;18/08/2021;2021.0;7.0;7.5;12;40;S;A;S
CB-015935-9;2007;2020;01/04/2020;24/08/2020;2021.0;6.67;6.67;3;40;S;A;N
CB-013923-4;2007;2020;01/04/2020;04/08/2021;2021.0;7.4;7.54;35;40;S;A;S
CB-015904-9;2007;2020;01/04/2020;;;6.0;6.0;1;40;N;P;N
CB-014217-1;2007;2020;01/04/2020;20/08/2021;2021.0;6.67;6.95;30;40;S;A;S
CB-016130-2;2007;2020;01/04/2020;17/08/2021;2021.0;5.0;6.5;2;40;S;A;N
CB-015826-3;2007;2020;01/04/2020;;2021.0;6.5;6.5;2;40;S;A;N
CB-016508-1;2007;2020;01/04/2020;;;6.0;6.0;1;40;N;P;N
CB-012420-2;2007;2020;01/04/2020;;2021.0;6.7;6.7;10;40;S;A;S
CB-015900-6;2007;2020;01/04/2020;;;7.0;7.0;1;40;N;P;N
CB-015991-0;2007;2020;01/04/2020;18/08/2021;2021.0;8.2;8.2;6;40;S;A;S
CB-015799-2;2007;2020;01/04/2020;;2021.0;8.0;8.0;4;40;S;A;N
CB-015843-3;2007;2020;01/04/2020;18/08/2021;2021.0;5.89;7.0;9;40;S;A;S
CB-015975-8;2007;2020;01/04/2020;18/08/2021;2021.0;5.25;6.33;3;40;S;A;N
CB-016520-1;2007;2020;01/04/2020;;;7.5;7.5;2;40;S;P;N
CB-012973-5;2007;2020;01/04/2020;;;6.25;6.25;4;40;S;P;N
CB-015066-1;2007;2020;01/04/2020;;2021.0;7.0;7.0;3;40;S;A;N
CB-016433-6;2007;2020;01/04/2020;20/08/2021;2021.0;5.8;7.33;4;40;S;A;N
CB-016743-2;2007;2020;01/04/2020;;;0.0;0.0;0;40;N;P;N
CB-016744-1;2007;2020;01/04/2020;;;8.0;8.0;1;40;N;P;N
CB-016106-0;2007;2020;01/04/2020;;;7.0;7.0;2;40;S;P;N
CB-015966-9;2007;2020;01/04/2020;17/12/2020;;5.5;9.0;2;40;S;P;N
CB-015995-2;2007;2020;01/04/2020;20/03/2021;2021.0;6.71;6.71;7;40;S;A;S
CB-016469-7;2007;2020;01/04/2020;;;9.0;9.0;1;40;N;P;N
CB-016012-8;2007;2020;01/04/2020;;2021.0;6.0;6.0;2;40;S;A;N
CB-016415-8;2007;2020;01/04/2020;;;0.0;0.0;0;40;N;P;N
CB-015804-2;2007;2020;01/04/2020;23/08/2021;2021.0;6.0;7.0;4;40;S;A;N
CB-015825-5;2007;2020;01/04/2020;;;6.0;6.0;2;40;S;P;N
CB-016487-5;2007;2020;01/04/2020;16/03/2021;2021.0;7.25;7.25;4;40;S;A;N
CB-016478-6;2007;2020;01/04/2020;;;7.5;7.5;2;40;S;P;N
CB-016449-2;2007;2020;01/04/2020;;2021.0;7.0;7.0;2;40;S;A;N
CB-015965-1;2007;2020;01/04/2020;17/03/2021;2021.0;5.5;6.67;3;40;S;A;N
CB-014919-1;2007;2020;01/04/2020;21/08/2021;2021.0;7.47;7.79;22;40;S;A;S
CB-016498-1;2007;2020;01/04/2020;;;0.0;0.0;0;40;N;P;N
CB-015960-0;2007;2020;01/04/2020;;2021.0;7.5;7.5;2;40;S;A;N
CB-016764-5;2007;2020;01/04/2020;;;10.0;10.0;1;40;N;P;N
CB-015976-6;2007;2020;01/04/2020;;;0.0;0.0;0;40;N;P;N
CB-013204-3;2007;2020;01/04/2020;;2021.0;7.0;7.0;4;40;S;A;N
CB-016064-1;2007;2020;01/04/2020;20/08/2021;2021.0;4.0;6.0;2;40;S;A;N
CB-015972-3;2007;2020;01/04/2020;;;6.0;6.0;2;40;S;P;N
CB-016112-4;2007;2020;01/04/2020;;;6.0;6.0;1;40;N;P;N
CB-016071-3;2007;2020;01/04/2020;;;7.0;7.0;2;40;S;P;N
CB-016474-3;2007;2020;01/04/2020;;;6.0;6.0;1;40;N;P;N
CB-016027-6;2007;2020;01/04/2020;;;0.0;0.0;0;40;N;P;N
CB-016104-3;2007;2020;01/04/2020;;;0.0;0.0;0;40;N;P;N
CB-016778-5;2007;2020;01/04/2020;;2021.0;7.33;7.33;3;40;S;A;N
CB-016050-1;2007;2020;01/04/2020;;;6.0;6.0;1;40;N;P;N
CB-017751-9;2007;2020;01/04/2020;;2021.0;0.0;0.0;0;40;N;A;N
CB-016457-3;2007;2020;01/04/2020;;;6.0;6.0;2;40;S;P;N
CB-016458-1;2007;2020;01/04/2020;;;0.0;0.0;0;40;N;P;N
CB-016481-6;2007;2020;01/04/2020;;;6.5;6.5;2;40;S;P;N
CB-016081-1;2007;2020;01/04/2020;;2021.0;6.5;6.5;2;40;S;A;N
CB-015969-3;2007;2020;01/04/2020;;;6.0;6.0;2;40;S;P;N
CB-016088-8;2007;2020;01/04/2020;;;0.0;0.0;0;40;N;P;N
CB-012958-1;2007;2020;01/04/2020;18/03/2021;2021.0;7.06;7.19;18;40;S;A;S
CB-016090-0;2007;2020;01/04/2020;18/08/2021;2021.0;7.75;7.75;5;40;S;A;S
CB-016003-9;2007;2020;01/04/2020;16/03/2021;2021.0;7.0;7.0;8;40;S;A;S
CB-015787-9;2007;2020;01/04/2020;;2021.0;7.5;7.5;2;40;S;A;N
CB-016819-6;2007;2020;01/04/2020;19/08/2021;2021.0;6.14;7.8;7;40;S;A;S
CB-016437-9;2007;2020;01/04/2020;;;0.0;0.0;0;40;N;P;N
CB-015869-7;2007;2020;01/04/2020;;;6.5;6.5;2;40;S;P;N
CB-015956-1;2007;2020;01/04/2020;;;0.0;0.0;0;40;N;P;N
CB-016120-5;2007;2020;01/04/2020;;;6.0;6.0;1;40;N;P;N
CB-017502-8;2007;2020;01/04/2020;;2021.0;6.0;6.0;1;40;N;A;N
CB-016087-0;2007;2020;01/04/2020;;2021.0;7.33;7.33;3;40;S;A;N
CB-016400-0;2007;2020;01/04/2020;18/08/2021;2021.0;7.33;7.33;3;40;S;A;N
CB-016099-3;2007;2020;01/04/2020;;2021.0;7.5;7.5;2;40;S;A;N
CB-016512-0;2007;2020;01/04/2020;;;0.0;0.0;0;40;N;P;N
CB-015985-5;2007;2020;01/04/2020;;;7.0;7.0;2;40;S;P;N
CB-016809-9;2007;2020;01/04/2020;;2021.0;7.0;7.0;4;40;S;A;N
CB-015919-7;2007;2020;01/04/2020;18/03/2021;2021.0;6.33;7.2;5;40;S;A;S
CB-015948-1;2007;2020;01/04/2020;;;9.0;9.0;1;40;N;P;N
CB-016401-8;2007;2020;01/04/2020;;;6.0;6.0;1;40;N;P;N
CB-016405-1;2007;2020;01/04/2020;;;0.0;0.0;0;40;N;P;N
CB-016128-1;2007;2020;01/04/2020;;2021.0;7.67;7.67;3;40;S;A;N
CB-016020-9;2007;2020;01/04/2020;;2021.0;7.0;7.0;2;40;S;A;N
CB-016500-6;2007;2020;01/04/2020;;;7.0;7.0;1;40;N;P;N
CB-016054-3;2007;2020;01/04/2020;;;0.0;0.0;0;40;N;P;N
CB-016070-5;2007;2020;01/04/2020;;;6.0;6.0;2;40;S;P;N
CB-015854-9;2007;2020;01/04/2020;23/08/2021;2021.0;6.6;7.75;4;40;S;A;N
CB-016069-1;2007;2020;01/04/2020;;;6.0;6.0;2;40;S;P;N
CB-015851-4;2007;2020;01/04/2020;;2021.0;8.0;8.0;3;40;S;A;N
CB-016483-2;2007;2020;01/04/2020;;;0.0;0.0;0;40;N;P;N
CB-016443-3;2007;2020;01/04/2020;;;6.0;6.0;2;40;S;P;N
CB-015696-1;2007;2020;01/04/2020;;2021.0;6.25;6.25;4;40;S;A;N
CB-016518-9;2007;2020;01/04/2020;;;6.0;6.0;2;40;S;P;N
CB-016029-2;2007;2020;01/04/2020;;;0.0;0.0;0;40;N;P;N
CB-015796-8;2007;2020;01/04/2020;;;6.0;6.0;2;40;S;P;N
CB-016084-5;2007;2020;01/04/2020;;2021.0;7.0;7.0;2;40;S;A;N
CB-015824-7;2007;2020;01/04/2020;;;7.0;7.0;1;40;N;P;N
CB-015916-2;2007;2020;01/04/2020;20/08/2021;2021.0;5.13;7.5;5;40;S;A;S
CB-016031-4;2007;2020;01/04/2020;;2021.0;8.0;8.0;1;40;N;A;N
CB-015890-5;2007;2020;01/04/2020;18/08/2021;2021.0;6.0;7.0;6;40;S;A;S
CB-015953-7;2007;2020;01/04/2020;16/03/2021;2021.0;6.88;7.57;7;40;S;A;S
CB-016502-2;2007;2020;01/04/2020;;2021.0;7.0;7.0;2;40;S;A;N
CB-015879-4;2007;2020;01/04/2020;03/08/2021;2021.0;7.83;7.83;7;40;S;A;S
CB-015795-0;2007;2020;01/04/2020;;;0.0;0.0;0;40;N;P;N
CB-016436-1;2007;2020;01/04/2020;23/08/2021;2021.0;6.67;7.6;5;40;S;A;S
CB-015913-8;2007;2020;01/04/2020;;;8.0;8.0;2;40;S;P;N
CB-016406-9;2007;2020;01/04/2020;;2021.0;7.0;7.0;1;40;N;A;N
CB-015925-1;2007;2020;01/04/2020;;2021.0;7.0;7.0;3;40;S;A;N
CB-015885-9;2007;2020;01/04/2020;;2021.0;8.0;8.0;2;40;S;A;N
CB-016459-0;2007;2020;01/04/2020;;;6.5;6.5;2;40;S;P;N
CB-016096-9;2007;2020;01/04/2020;18/08/2021;2021.0;7.0;7.0;5;40;S;A;S
CB-015986-3;2007;2020;01/04/2020;20/08/2021;2021.0;5.5;7.86;9;40;S;A;S
CB-015964-2;2007;2020;01/04/2020;;;8.0;8.0;1;40;N;P;N
CB-016109-4;2007;2020;01/04/2020;;;8.0;8.0;1;40;N;P;N
CB-016061-6;2007;2020;01/04/2020;;2021.0;8.0;8.0;5;40;S;A;S
CB-016048-9;2007;2020;01/04/2020;15/03/2021;2021.0;7.33;7.33;3;40;S;A;N
CB-015886-7;2007;2020;01/04/2020;20/03/2021;2021.0;5.4;7.67;3;40;S;A;N
CB-016472-7;2007;2020;01/04/2020;;;8.0;8.0;1;40;N;P;N
CB-016399-2;2007;2020;01/04/2020;;;0.0;0.0;0;40;N;P;N
CB-016077-2;2007;2020;01/04/2020;;;6.0;6.0;2;40;S;P;N
CB-015875-1;2007;2020;01/04/2020;;;9.0;9.0;2;40;S;P;N
CB-016412-3;2007;2020;01/04/2020;;2021.0;9.5;9.5;2;40;S;A;N
CB-015940-5;2007;2020;01/04/2020;18/08/2021;2021.0;6.56;7.71;8;40;S;A;S
CB-016485-9;2007;2020;01/04/2020;;;0.0;0.0;0;40;N;P;N
CB-016097-7;2007;2020;01/04/2020;23/08/2021;2021.0;6.15;7.4;12;40;S;A;S
CB-016461-1;2007;2020;01/04/2020;;;0.0;0.0;0;40;N;P;N
CB-016419-1;2007;2020;01/04/2020;;;9.0;9.0;1;40;N;P;N
CB-015304-1;2007;2020;01/04/2020;;;0.0;0.0;0;40;N;P;N
CB-016065-9;2007;2020;01/04/2020;;2021.0;7.33;7.33;3;40;S;A;N
CB-015901-4;2007;2020;01/04/2020;;2021.0;8.5;8.5;2;40;S;A;N
CB-016517-1;2007;2020;01/04/2020;;2021.0;6.0;6.0;1;40;N;A;N
CB-015891-3;2007;2020;01/04/2020;;;7.33;7.33;3;40;S;P;N
CB-012092-4;2007;2020;01/04/2020;;;6.89;6.89;9;40;S;P;S
CB-016471-9;2007;2020;01/04/2020;;;6.0;6.0;2;40;S;P;N
CB-015276-1;2007;2020;01/04/2020;;;0.0;0.0;0;40;N;P;N
CB-016005-5;2007;2020;01/04/2020;18/08/2021;2021.0;7.4;7.4;10;40;S;A;S
CB-016397-6;2007;2020;01/04/2020;18/08/2021;2021.0;6.83;6.83;8;40;S;A;S
CB-016108-6;2007;2020;01/04/2020;;;8.0;8.0;2;40;S;P;N
CB-016811-1;2007;2020;01/04/2020;;2021.0;6.75;6.75;4;40;S;A;N
CB-015837-9;2007;2020;01/04/2020;20/08/2021;2021.0;6.0;6.6;5;40;S;A;S
CB-016409-3;2007;2020;01/04/2020;;2021.0;7.33;7.33;6;40;S;A;S
CB-016513-8;2007;2020;01/04/2020;;;6.67;6.67;3;40;S;P;N
CB-017504-4;2007;2020;01/04/2020;;2021.0;8.0;8.0;2;40;S;A;N
CB-013389-9;2007;2020;01/04/2020;16/03/2021;;7.25;7.25;10;40;S;P;S
CB-014029-1;2007;2020;01/04/2020;;;7.67;7.67;3;40;S;P;N
CB-017636-9;2007;2020;01/04/2020;;2021.0;0.0;0.0;0;40;N;A;N
CB-015931-6;2007;2020;01/04/2020;18/08/2021;2021.0;8.4;8.4;7;40;S;A;S
CB-012204-8;2007;2020;01/04/2020;;;6.0;6.0;2;40;S;P;N
CB-016398-4;2007;2020;01/04/2020;18/08/2021;2021.0;7.5;7.5;14;40;S;A;S
CB-012922-1;2007;2020;01/04/2020;21/08/2021;2021.0;6.27;6.57;20;40;S;A;S
CB-015968-5;2007;2020;01/04/2020;;2021.0;6.0;6.0;2;40;S;A;N
CB-015895-6;2007;2020;01/04/2020;19/08/2021;2021.0;6.25;7.67;7;40;S;A;S
CB-016420-4;2007;2020;01/04/2020;03/08/2021;2021.0;7.33;7.33;3;40;S;A;N
CB-016431-0;2007;2020;01/04/2020;;;0.0;0.0;0;40;N;P;N
CB-014209-0;2007;2020;01/04/2020;17/03/2021;2021.0;6.7;7.22;26;40;S;A;S
CB-016752-1;2007;2020;01/04/2020;;2021.0;9.33;9.33;3;40;S;A;N
CB-016124-8;2007;2020;01/04/2020;;2021.0;7.33;7.33;3;40;S;A;N
CB-015800-0;2007;2020;01/04/2020;;;0.0;0.0;0;40;N;P;N
CB-012365-6;2007;2020;01/04/2020;18/08/2021;2021.0;7.0;7.0;8;40;S;A;S
CB-016763-7;2007;2020;01/04/2020;;;7.0;7.0;1;40;N;P;N
CB-016015-2;2007;2020;01/04/2020;;2021.0;9.33;9.33;3;40;S;A;N
CB-016750-5;2007;2020;01/04/2020;;;6.5;6.5;2;40;S;P;N
CB-015832-8;2007;2020;01/04/2020;;;6.5;6.5;2;40;S;P;N
CB-016444-1;2007;2020;01/04/2020;;2021.0;9.0;9.0;1;40;N;A;N
CB-015937-5;2007;2020;01/04/2020;;;10.0;10.0;1;40;N;P;N
CB-016468-9;2007;2020;01/04/2020;;;8.5;8.5;2;40;S;P;N
CB-016132-9;2007;2020;01/04/2020;24/08/2020;;7.33;7.33;3;40;S;P;N
CB-015783-6;2007;2020;01/04/2020;;2021.0;8.0;8.0;1;40;N;A;N
CB-016139-6;2007;2020;01/04/2020;;2021.0;7.0;7.0;1;40;N;A;N
CB-015785-2;2007;2020;01/04/2020;;2021.0;8.5;8.5;2;40;S;A;N
CB-015822-1;2007;2020;01/04/2020;03/08/2021;2021.0;7.5;7.5;5;40;S;A;S
CB-016078-1;2007;2020;01/04/2020;;;6.0;6.0;2;40;S;P;N
CB-016053-5;2007;2020;01/04/2020;23/08/2021;2021.0;5.67;7.5;4;40;S;A;N
CB-016024-1;2007;2020;01/04/2020;;;6.0;6.0;1;40;N;P;N
CB-015928-6;2007;2020;01/04/2020;;;0.0;0.0;0;40;N;P;N
CB-015963-4;2007;2020;01/04/2020;;2021.0;7.5;7.5;4;40;S;A;N
CB-016057-8;2007;2020;01/04/2020;19/08/2021;2021.0;7.64;7.64;15;40;S;A;S
CB-016119-1;2007;2020;01/04/2020;18/08/2021;2021.0;5.5;6.67;3;40;S;A;N
CB-015924-3;2007;2020;01/04/2020;23/08/2021;2021.0;6.15;7.1;11;40;S;A;S
CB-016035-7;2007;2020;01/04/2020;;2021.0;7.0;7.0;2;40;S;A;N
CB-016000-4;2007;2020;01/04/2020;23/08/2021;2021.0;7.25;7.25;6;40;S;A;S
CB-016407-7;2007;2020;01/04/2020;;;7.5;7.5;2;40;S;P;N
CB-015859-0;2007;2020;01/04/2020;;2021.0;6.5;6.5;4;40;S;A;N
CB-016506-5;2007;2020;01/04/2020;;;9.0;9.0;1;40;N;P;N
CB-016056-0;2007;2020;01/04/2020;;2021.0;7.0;7.0;2;40;S;A;N
CB-016427-1;2007;2020;01/04/2020;;2021.0;6.75;6.75;12;40;S;A;S
CB-016455-7;2007;2020;01/04/2020;;;6.0;6.0;2;40;S;P;N
CB-016410-7;2007;2020;01/04/2020;;2021.0;6.5;6.5;2;40;S;A;N
CB-016516-2;2007;2020;01/04/2020;;;8.5;8.5;2;40;S;P;N
CB-009718-3;2007;2020;01/04/2020;18/08/2021;2021.0;7.14;7.14;8;40;S;A;S
CB-015848-4;2007;2020;01/04/2020;17/08/2021;2021.0;7.71;7.71;9;40;S;A;S
CB-015911-1;2007;2020;01/04/2020;27/02/2021;2021.0;6.0;7.33;3;40;S;A;N
CB-016450-6;2007;2020;01/04/2020;;;0.0;0.0;0;40;N;P;N
CB-016465-4;2007;2020;01/04/2020;;2021.0;6.0;6.0;4;40;S;A;N
CB-015944-8;2007;2020;01/04/2020;23/08/2021;2021.0;6.85;6.85;20;40;S;A;S
CB-015892-1;2007;2020;01/04/2020;20/08/2021;2021.0;7.75;7.75;4;40;S;A;N
CB-017506-1;2007;2020;01/04/2020;;2021.0;9.0;9.0;2;40;S;A;N
CB-017507-9;2007;2020;01/04/2020;;2021.0;7.5;7.5;2;40;S;A;N
CB-016052-7;2007;2020;01/04/2020;24/08/2020;2021.0;6.67;6.67;3;40;S;A;N
CB-013226-4;2007;2020;01/04/2020;;;6.0;6.0;11;40;S;P;S
CB-015974-0;2007;2020;01/04/2020;20/08/2021;2021.0;5.29;7.5;4;40;S;A;N
CB-016514-6;2007;2020;01/04/2020;04/08/2021;2021.0;3.71;6.0;3;40;S;A;N
CB-016133-7;2007;2020;01/04/2020;;2021.0;6.33;6.33;3;40;S;A;N
CB-015893-0;2007;2020;01/04/2020;;2021.0;9.6;9.6;5;40;S;A;S
CB-011963-2;2007;2020;01/04/2020;18/08/2021;2021.0;7.67;7.67;4;40;S;A;N
CB-016748-3;2007;2020;01/04/2020;;;6.0;6.0;1;40;N;P;N
CB-016754-8;2007;2020;01/04/2020;;;6.0;6.0;2;40;S;P;N
CB-007656-9;2007;2020;01/04/2020;07/08/2021;2021.0;7.0;7.0;26;40;S;A;S
CB-016402-6;2007;2020;01/04/2020;;;6.0;6.0;2;40;S;P;N
CB-015922-7;2007;2020;01/04/2020;23/08/2021;2021.0;5.0;7.8;5;40;S;A;S
CB-016060-8;2007;2020;01/04/2020;;;0.0;0.0;0;40;N;P;N
CB-013388-1;2007;2020;01/04/2020;23/08/2021;2021.0;6.58;7.0;14;40;S;A;S
CB-016807-2;2007;2020;01/04/2020;;2021.0;7.0;7.0;2;40;S;A;N
CB-017509-5;2007;2020;01/04/2020;;2021.0;7.0;7.0;2;40;S;A;N
CB-015970-7;2007;2020;01/04/2020;;2021.0;8.0;8.0;4;40;S;A;N
CB-016032-2;2007;2020;01/04/2020;23/08/2021;2021.0;5.5;8.0;6;40;S;A;S
CB-015993-6;2007;2020;01/04/2020;18/08/2021;2021.0;6.5;6.89;11;40;S;A;S
CB-016074-8;2007;2020;01/04/2020;;2021.0;7.5;7.5;4;40;S;A;N
CB-016085-3;2007;2020;01/04/2020;;2021.0;8.5;8.5;2;40;S;A;N
CB-016438-7;2007;2020;01/04/2020;;2021.0;7.17;7.17;6;40;S;A;S
CB-015836-1;2007;2020;01/04/2020;18/08/2021;2021.0;7.57;7.57;9;40;S;A;S
CB-015903-1;2007;2020;01/04/2020;19/08/2021;2021.0;6.13;7.5;8;40;S;A;S
CB-015920-1;2007;2020;01/04/2020;;2021.0;7.67;7.67;3;40;S;A;N
CB-016021-7;2007;2020;01/04/2020;18/08/2021;2021.0;7.57;7.57;9;40;S;A;S
CB-017511-7;2007;2020;01/04/2020;23/08/2021;2021.0;6.67;6.67;11;40;S;A;S
CB-016492-1;2007;2020;01/04/2020;;2021.0;7.0;7.0;4;40;S;A;N
CB-016521-9;2007;2020;01/04/2020;;;7.5;7.5;2;40;S;P;N
CB-015808-5;2007;2020;01/04/2020;;;0.0;0.0;0;40;N;P;N
CB-015962-6;2007;2020;01/04/2020;;;7.5;7.5;2;40;S;P;N
CB-016777-7;2007;2020;01/04/2020;;;8.4;8.4;5;40;S;P;S
CA-015876-9;2007;2020;01/04/2020;;;6.5;6.5;2;42;S;P;N
CA-016187-5;2007;2020;01/04/2020;14/12/2020;2021.0;6.5;6.5;2;42;S;A;N
CA-016558-7;2007;2020;01/04/2020;;2021.0;8.17;8.17;6;42;S;A;S
CA-016079-8;2007;2020;01/04/2020;;;6.0;6.0;2;42;S;P;N
CA-016164-6;2007;2020;01/04/2020;23/08/2021;2021.0;5.5;7.44;11;42;S;A;S
CA-016551-0;2007;2020;01/04/2020;;;0.0;0.0;0;42;N;P;N
CA-016538-2;2007;2020;01/04/2020;;2021.0;6.0;6.0;2;42;S;A;N
CA-016224-3;2007;2020;01/04/2020;;2021.0;7.0;7.0;3;42;S;A;N
CA-016150-6;2007;2020;01/04/2020;;;6.0;6.0;1;42;N;P;N
CA-007425-5;2007;2020;01/04/2020;;;7.0;7.0;16;42;S;P;S
CA-016566-8;2007;2020;01/04/2020;14/12/2020;2021.0;6.33;8.5;2;42;S;A;N
CA-016226-0;2007;2020;01/04/2020;;;0.0;0.0;0;42;N;P;N
CA-016529-3;2007;2020;01/04/2020;20/08/2021;2021.0;4.5;7.0;5;42;S;A;S
CA-016549-8;2007;2020;01/04/2020;;2021.0;7.0;7.0;2;42;S;A;N
CA-016159-0;2007;2020;01/04/2020;;;7.0;7.0;1;42;N;P;N
CA-016156-5;2007;2020;01/04/2020;;;0.0;0.0;0;42;N;P;N
CA-016535-8;2007;2020;01/04/2020;;;0.0;0.0;0;42;N;P;N
CA-016236-7;2007;2020;01/04/2020;;;8.5;8.5;4;42;S;P;N
CA-016175-1;2007;2020;01/04/2020;;;8.0;8.0;1;42;N;P;N
CA-007459-0;2007;2020;01/04/2020;;2021.0;7.0;7.0;15;42;S;A;S
CA-013037-6;2007;2020;01/04/2020;;2021.0;7.5;7.5;6;42;S;A;S
CA-016201-4;2007;2020;01/04/2020;;;0.0;0.0;0;42;N;P;N
CA-016173-5;2007;2020;01/04/2020;;2021.0;6.8;6.8;5;42;S;A;S
CA-016791-1;2007;2020;01/04/2020;;2021.0;6.0;6.0;1;42;N;A;N
CA-016522-6;2007;2020;01/04/2020;16/03/2021;2021.0;7.67;7.67;3;42;S;A;N
CA-016540-4;2007;2020;01/04/2020;;;9.0;9.0;1;42;N;P;N
CA-016574-9;2007;2020;01/04/2020;;;8.5;8.5;2;42;S;P;N
CA-016391-6;2007;2020;01/04/2020;;2021.0;7.6;7.6;10;42;S;A;S
CA-010330-1;2007;2020;01/04/2020;;2021.0;7.2;7.2;5;42;S;A;S
CA-016155-7;2007;2020;01/04/2020;;2021.0;6.33;6.33;3;42;S;A;N
CA-016795-4;2007;2020;01/04/2020;;2021.0;8.0;8.0;1;42;N;A;N
CA-016213-8;2007;2020;01/04/2020;;2021.0;6.0;6.0;2;42;S;A;N
CA-016210-3;2007;2020;01/04/2020;15/12/2020;2021.0;7.17;7.17;6;42;S;A;S
CA-016162-0;2007;2020;01/04/2020;;2021.0;6.0;6.0;1;42;N;A;N
CA-016577-3;2007;2020;01/04/2020;;;0.0;0.0;0;42;N;P;N
CA-016545-5;2007;2020;01/04/2020;;2021.0;7.0;7.0;4;42;S;A;N
CA-003269-2;2007;2020;01/04/2020;;2021.0;6.58;6.58;18;42;S;A;S
CA-016220-1;2007;2020;01/04/2020;;;0.0;0.0;0;42;N;P;N
CA-016160-3;2007;2020;01/04/2020;23/08/2021;2021.0;6.0;6.0;6;42;S;A;S
CA-016225-1;2007;2020;01/04/2020;;;9.0;9.0;1;42;N;P;N
CA-010656-4;2007;2020;01/04/2020;;2021.0;8.0;8.0;3;42;S;A;N
CA-016537-4;2007;2020;01/04/2020;;;8.0;8.0;1;42;N;P;N
CA-016546-3;2007;2020;01/04/2020;;2021.0;8.0;8.0;2;42;S;A;N
CA-015902-1;2007;2020;01/04/2020;;;6.0;6.0;1;42;N;P;N
CA-016553-6;2007;2020;01/04/2020;;2021.0;6.0;6.0;2;42;S;A;N
CA-015912-9;2007;2020;01/04/2020;;;6.0;6.0;1;42;N;P;N
CA-015047-4;2007;2020;01/04/2020;;2021.0;0.0;0.0;0;42;N;A;N
CA-016170-1;2007;2020;01/04/2020;;;0.0;0.0;0;42;N;P;N
CA-016539-1;2007;2020;01/04/2020;;;7.33;7.33;3;42;S;P;N
CA-016196-4;2007;2020;01/04/2020;20/08/2021;2021.0;6.64;7.1;10;42;S;A;S
CA-016547-1;2007;2020;01/04/2020;;2021.0;6.8;6.8;5;42;S;A;S
CA-008316-5;2007;2020;01/04/2020;;2021.0;6.91;6.91;29;42;S;A;S
CA-016199-9;2007;2020;01/04/2020;19/08/2021;2021.0;7.54;7.54;18;42;S;A;S
CA-015852-1;2007;2020;01/04/2020;;;7.5;7.5;2;42;S;P;N
CA-016176-0;2007;2020;01/04/2020;20/08/2021;2021.0;6.14;7.4;5;42;S;A;S
CA-016207-3;2007;2020;01/04/2020;03/08/2021;2021.0;7.33;7.33;4;42;S;A;N
CA-016576-5;2007;2020;01/04/2020;;;7.0;7.0;1;42;N;P;N
CA-016203-1;2007;2020;01/04/2020;;;0.0;0.0;0;42;N;P;N
CA-016568-4;2007;2020;01/04/2020;19/08/2021;2021.0;7.5;7.5;6;42;S;A;S
CA-016244-8;2007;2020;01/04/2020;;;7.5;7.5;2;42;S;P;N
CA-016217-1;2007;2020;01/04/2020;05/08/2021;2021.0;6.0;6.25;4;42;S;A;N
CA-016179-4;2007;2020;01/04/2020;;;7.0;7.0;2;42;S;P;N
CA-009394-2;2007;2020;01/04/2020;;2021.0;7.18;7.18;33;42;S;A;S
CA-016246-4;2007;2020;01/04/2020;23/08/2021;2021.0;7.82;7.82;17;42;S;A;S
CA-004968-4;2007;2020;01/04/2020;;;6.63;6.63;16;42;S;P;S
CA-016804-7;2007;2020;01/04/2020;16/03/2021;2021.0;8.0;8.0;13;42;S;A;S
CA-017498-5;2007;2020;01/04/2020;;2021.0;7.0;7.0;3;42;S;A;N
CA-016144-1;2007;2020;01/04/2020;;;0.0;0.0;0;42;N;P;N
CA-016536-6;2007;2020;01/04/2020;20/08/2021;2021.0;6.25;7.67;3;42;S;A;N
CA-015899-8;2007;2020;01/04/2020;;;8.0;8.0;2;42;S;P;N
CA-016205-7;2007;2020;01/04/2020;;;9.0;9.0;2;42;S;P;N
CA-016561-7;2007;2020;01/04/2020;;;7.0;7.0;1;42;N;P;N
CA-016222-7;2007;2020;01/04/2020;;;6.0;6.0;2;42;S;P;N
CA-016227-8;2007;2020;01/04/2020;18/08/2021;2021.0;7.5;7.5;6;42;S;A;S
CA-016567-6;2007;2020;01/04/2020;;;0.0;0.0;0;42;N;P;N
CA-016562-5;2007;2020;01/04/2020;;2021.0;7.0;7.0;2;42;S;A;N
CA-016186-7;2007;2020;01/04/2020;;;7.5;7.5;2;42;S;P;N
CA-016571-4;2007;2020;01/04/2020;20/08/2021;2021.0;6.6;7.75;4;42;S;A;N
CA-016185-9;2007;2020;01/04/2020;;2021.0;7.0;7.0;2;42;S;A;N
CA-016158-1;2007;2020;01/04/2020;;;8.5;8.5;2;42;S;P;N
CA-016218-9;2007;2020;01/04/2020;18/08/2021;2021.0;7.33;7.33;5;42;S;A;S
CA-016533-1;2007;2020;01/04/2020;05/08/2021;2021.0;7.0;7.33;9;42;S;A;S
CA-016248-1;2007;2020;01/04/2020;20/08/2021;2021.0;4.57;7.67;3;42;S;A;N
CA-016188-3;2007;2020;01/04/2020;;;8.0;8.0;1;42;N;P;N
CA-016569-2;2007;2020;01/04/2020;;;0.0;0.0;0;42;N;P;N
CA-008718-7;2007;2020;01/04/2020;;2021.0;6.83;6.83;12;42;S;A;S
CA-016198-1;2007;2020;01/04/2020;20/08/2021;2021.0;4.25;6.5;2;42;S;A;N
CA-011515-6;2007;2020;01/04/2020;;2021.0;7.36;7.36;14;42;S;A;S
CA-016174-3;2007;2020;01/04/2020;05/08/2021;2021.0;4.5;6.75;4;42;S;A;N
CA-016161-1;2007;2020;01/04/2020;23/08/2021;2021.0;6.58;7.1;12;42;S;A;S
CA-009376-4;2007;2020;01/04/2020;;2021.0;7.57;7.57;14;42;S;A;S
CA-015853-0;2007;2020;01/04/2020;;;8.0;8.0;2;42;S;P;N
CA-016741-5;2007;2020;01/04/2020;;;0.0;0.0;0;42;N;P;N
CA-016200-6;2007;2020;01/04/2020;;;0.0;0.0;0;42;N;P;N
CA-016575-7;2007;2020;01/04/2020;;2021.0;6.0;6.0;1;42;N;A;N
CA-016241-3;2007;2020;01/04/2020;;;8.0;8.0;1;42;N;P;N
CA-015910-2;2007;2020;01/04/2020;;;6.33;6.33;3;42;S;P;N
CA-016230-8;2007;2020;01/04/2020;;;7.0;7.0;1;42;N;P;N
CA-016215-4;2007;2020;01/04/2020;23/08/2021;2021.0;5.5;7.25;4;42;S;A;N
CA-114231-9;2007;2020;01/04/2020;;;5.5;5.5;2;42;S;P;N
CA-016742-3;2007;2020;01/04/2020;17/08/2021;2021.0;6.45;6.8;10;42;S;A;S
CA-016564-1;2007;2020;01/04/2020;;;6.0;6.0;1;42;N;P;N
CA-016231-6;2007;2020;01/04/2020;;;8.0;8.0;2;42;S;P;N
CA-016240-5;2007;2020;01/04/2020;;;6.0;6.0;2;42;S;P;N
CA-016181-6;2007;2020;01/04/2020;;;8.0;8.0;2;42;S;P;N
CA-016776-8;2007;2020;01/04/2020;;;8.0;8.0;1;42;N;P;N
CA-016243-0;2007;2020;01/04/2020;;;10.0;10.0;2;42;S;P;N
CA-016247-2;2007;2020;01/04/2020;;;0.0;0.0;0;42;N;P;N
CA-016148-4;2007;2020;01/04/2020;;;6.0;6.0;1;42;N;P;N
CA-016154-9;2007;2020;01/04/2020;;2021.0;7.5;7.5;2;42;S;A;N
CA-016559-5;2007;2020;01/04/2020;;;0.0;0.0;0;42;N;P;N
CA-016531-5;2007;2020;01/04/2020;19/08/2021;2021.0;7.33;7.33;17;42;S;A;S
CA-016143-3;2007;2020;01/04/2020;05/08/2021;2021.0;4.14;6.67;3;42;S;A;N
CA-016202-2;2007;2020;01/04/2020;;;0.0;0.0;0;42;N;P;N
CA-016237-5;2007;2020;01/04/2020;19/08/2021;2021.0;7.17;7.17;10;42;S;A;S
CA-009540-6;2007;2020;01/04/2020;;2021.0;7.38;7.38;16;42;S;A;S
CA-016206-5;2007;2020;01/04/2020;05/09/2020;;6.5;6.5;2;42;S;P;N
CA-007408-5;2007;2020;01/04/2020;;;7.31;7.31;16;42;S;P;S
CA-015081-4;2007;2020;01/04/2020;;;0.0;0.0;0;42;N;P;N
CA-016182-4;2007;2020;01/04/2020;20/03/2021;2021.0;5.0;7.25;4;42;S;A;N
CA-016193-0;2007;2020;01/04/2020;;;7.5;7.5;2;42;S;P;N
CA-016245-6;2007;2020;01/04/2020;;;9.0;9.0;1;42;N;P;N
CA-016494-7;2007;2020;01/04/2020;;;8.0;8.0;1;42;N;P;N
CA-016195-6;2007;2020;01/04/2020;;;9.0;9.0;1;42;N;P;N
CA-016555-2;2007;2020;01/04/2020;;2021.0;9.0;9.0;1;42;N;A;N
CA-016572-2;2007;2020;01/04/2020;;;0.0;0.0;0;42;N;P;N
CA-016163-8;2007;2020;01/04/2020;23/08/2021;2021.0;6.6;7.75;4;42;S;A;N
CA-016526-9;2007;2020;01/04/2020;;2021.0;7.0;7.0;2;42;S;A;N
CA-016189-1;2007;2020;01/04/2020;;;8.0;8.0;1;42;N;P;N
CA-016527-7;2007;2020;01/04/2020;19/08/2021;2021.0;8.08;8.08;17;42;S;A;S
CA-016184-1;2007;2020;01/04/2020;;2021.0;7.0;7.0;3;42;S;A;N
CA-016530-7;2007;2020;01/04/2020;;2021.0;7.0;7.0;2;42;S;A;N
CA-016543-9;2007;2020;01/04/2020;;;0.0;0.0;0;42;N;P;N
CA-016541-2;2007;2020;01/04/2020;;2021.0;7.5;7.5;2;42;S;A;N
CA-005300-2;2007;2020;01/04/2020;;;0.0;0.0;0;42;N;P;N
CA-016214-6;2007;2020;01/04/2020;;2021.0;8.0;8.0;1;42;N;A;N
CA-016149-2;2007;2020;01/04/2020;23/08/2021;2021.0;5.23;6.88;13;42;S;A;S
CA-016523-4;2007;2020;01/04/2020;;;8.0;8.0;1;42;N;P;N
CA-007545-6;2007;2020;01/04/2020;;;7.08;7.08;35;42;S;P;S
CA-016242-1;2007;2020;01/04/2020;;;8.0;8.0;1;42;N;P;N
CA-011910-1;2007;2020;01/04/2020;;2021.0;6.0;6.0;2;42;S;A;N
CA-008422-6;2007;2020;01/04/2020;;2021.0;7.14;7.14;32;42;S;A;S
CA-016211-1;2007;2020;01/04/2020;;2021.0;7.0;7.0;2;42;S;A;N
CA-016152-2;2007;2020;01/04/2020;23/08/2021;2021.0;7.38;7.38;20;42;S;A;S
CA-016151-4;2007;2020;01/04/2020;;;0.0;0.0;0;42;N;P;N
CA-016550-1;2007;2020;01/04/2020;;2021.0;7.5;7.5;2;42;S;A;N
CA-016233-2;2007;2020;01/04/2020;27/02/2021;2021.0;7.14;7.14;8;42;S;A;S
CA-016235-9;2007;2020;01/04/2020;;2021.0;7.5;7.5;4;42;S;A;N
CA-016209-0;2007;2020;01/04/2020;;;7.0;7.0;2;42;S;P;N
CA-016180-8;2007;2020;01/04/2020;17/12/2020;2021.0;6.25;7.67;3;42;S;A;N
CA-011457-5;2007;2020;01/04/2020;;;8.0;8.0;2;42;S;P;N
CA-016528-5;2007;2020;01/04/2020;;;7.0;7.0;1;42;N;P;N
CA-016168-9;2007;2020;01/04/2020;20/03/2021;2021.0;4.5;7.0;5;42;S;A;S
CA-016239-1;2007;2020;01/04/2020;;;6.5;6.5;2;42;S;P;N
CA-016563-3;2007;2020;01/04/2020;;;8.0;8.0;1;42;N;P;N
CA-016145-0;2007;2020;01/04/2020;;;0.0;0.0;0;42;N;P;N
CA-016219-7;2007;2020;01/04/2020;;2021.0;7.0;7.0;1;42;N;A;N
CA-016194-8;2007;2020;01/04/2020;;;0.0;0.0;0;42;N;P;N
CA-000281-5;2007;2020;01/04/2020;;;7.29;7.29;35;42;S;P;S
CA-016249-9;2007;2020;01/04/2020;;2021.0;6.67;6.67;3;42;S;A;N
CA-016167-1;2007;2020;01/04/2020;;;7.0;7.0;1;42;N;P;N
CA-016238-3;2007;2020;01/04/2020;;;0.0;0.0;0;42;N;P;N
CA-016191-3;2007;2020;01/04/2020;20/08/2021;2021.0;6.4;7.57;7;42;S;A;S
CA-016532-3;2007;2020;01/04/2020;24/08/2020;;7.67;7.67;3;42;S;P;N
CA-016166-2;2007;2020;01/04/2020;;;6.0;6.0;2;42;S;P;N
CA-015854-8;2007;2020;01/04/2020;;2021.0;7.75;7.75;4;42;S;A;N
CA-017497-7;2007;2020;01/04/2020;;2021.0;7.33;7.33;3;42;S;A;N
CA-016565-0;2007;2020;01/04/2020;;;0.0;0.0;0;42;N;P;N
CA-016178-6;2007;2020;01/04/2020;23/08/2021;2021.0;6.38;7.83;6;42;S;A;S
CA-016534-0;2007;2020;01/04/2020;;2021.0;7.0;7.0;3;42;S;A;N
CA-016228-6;2007;2020;01/04/2020;;;0.0;0.0;0;42;N;P;N
CA-016165-4;2007;2020;01/04/2020;;;8.0;8.0;1;42;N;P;N
CA-016524-2;2007;2020;01/04/2020;23/08/2021;2021.0;6.2;7.25;4;42;S;A;N
CA-016560-9;2007;2020;01/04/2020;;2021.0;6.5;6.5;2;42;S;A;N
CA-016153-1;2007;2020;01/04/2020;;;0.0;0.0;0;42;N;P;N
CA-016221-9;2007;2020;01/04/2020;;2021.0;7.5;7.5;2;42;S;A;N
CA-016542-1;2007;2020;01/04/2020;20/08/2021;2021.0;7.71;7.71;9;42;S;A;S
CA-016192-1;2007;2020;01/04/2020;;;6.0;6.0;3;42;S;P;N
CA-016197-2;2007;2020;01/04/2020;20/08/2021;2021.0;6.23;7.2;10;42;S;A;S
CA-016171-9;2007;2020;01/04/2020;;2021.0;7.5;7.5;6;42;S;A;S
CA-006454-3;2007;2020;01/04/2020;;;6.92;6.92;35;42;S;P;S
CA-016552-8;2007;2020;01/04/2020;20/08/2021;2021.0;5.0;8.0;5;42;S;A;S
CA-016797-1;2007;2020;01/04/2020;;2021.0;7.33;7.33;3;42;S;A;N
CA-016216-2;2007;2020;01/04/2020;;;7.67;7.67;3;42;S;P;N
CA-016525-1;2007;2020;01/04/2020;05/08/2021;2021.0;4.75;6.4;7;42;S;A;S
CA-016147-6;2007;2020;01/04/2020;;;6.75;6.75;4;42;S;P;N
CA-016573-1;2007;2020;01/04/2020;;2021.0;6.0;6.0;1;42;N;A;N
CA-010529-1;2007;2020;01/04/2020;;;7.71;7.71;7;42;S;P;S
CA-016556-1;2007;2020;01/04/2020;;;6.0;6.0;2;42;S;P;N
CA-016204-9;2007;2020;01/04/2020;;2021.0;6.0;6.0;2;42;S;A;N
CA-015074-1;2007;2020;01/04/2020;;;0.0;0.0;0;42;N;P;N
CA-016146-8;2007;2020;01/04/2020;;;9.0;9.0;2;42;S;P;N
CA-016554-4;2007;2020;01/04/2020;;2021.0;6.0;6.0;1;42;N;A;N
CA-016212-0;2007;2020;01/04/2020;;;6.67;6.67;3;42;S;P;N
CA-016792-0;2007;2020;01/04/2020;20/08/2021;2021.0;5.6;6.5;4;42;S;A;N
CA-016234-1;2007;2020;01/04/2020;23/08/2021;2021.0;5.75;7.0;3;42;S;A;N
CA-016229-4;2007;2020;01/04/2020;;2021.0;7.5;7.5;2;42;S;A;N
CA-016208-1;2007;2020;01/04/2020;;;0.0;0.0;0;42;N;P;N
CA-012191-1;2007;2020;01/04/2020;;2021.0;7.5;7.5;6;42;S;A;S
CA-015911-1;2007;2020;01/04/2020;;;7.0;7.0;2;42;S;P;N
CA-016177-8;2007;2020;01/04/2020;18/08/2021;2021.0;8.0;8.0;11;42;S;A;S
CA-016570-6;2007;2020;01/04/2020;;;6.0;6.0;2;42;S;P;N
CA-016557-9;2007;2020;01/04/2020;;;8.0;8.0;1;42;N;P;N
CA-016172-7;2007;2020;01/04/2020;;;8.0;8.0;2;42;S;P;N
CA-016548-0;2007;2020;01/04/2020;;2021.0;6.0;6.0;2;42;S;A;N
CA-016183-2;2007;2020;01/04/2020;24/02/2021;2021.0;6.5;6.5;2;42;S;A;N
CA-016544-7;2007;2020;01/04/2020;;;0.0;0.0;0;42;N;P;N
CA-016765-2;2007;2020;01/04/2020;;;6.0;6.0;1;42;N;P;N
CA-008588-5;2007;2020;01/04/2020;;2021.0;6.86;6.86;22;42;S;A;S
CA-017499-3;2007;2020;01/04/2020;;2021.0;6.0;6.0;2;42;S;A;N
CA-014020-7;2007;2020;01/04/2020;;;7.67;7.67;3;42;S;P;N
CA-016232-4;2007;2020;01/04/2020;;2021.0;7.0;7.0;1;42;N;A;N
CA-017509-4;2007;2020;01/04/2020;;2021.0;7.0;7.0;2;42;S;A;N
CA-016190-5;2007;2020;01/04/2020;20/03/2021;2021.0;7.2;7.2;5;42;S;A;S
CA-016169-7;2007;2020;01/04/2020;27/02/2021;2021.0;7.0;7.63;8;42;S;A;S
CA-006018-1;2007;2020;01/04/2020;;;6.31;6.31;16;42;S;P;S
CA-006491-8;2007;2020;01/04/2020;19/12/2020;2021.0;7.3;7.3;38;42;S;A;S
CA-016157-3;2007;2020;01/04/2020;18/08/2021;2021.0;7.0;7.56;13;42;S;A;S
CA-008313-1;2007;2020;01/04/2020;;2021.0;7.81;7.81;37;42;S;A;S
CA-016223-5;2007;2020;01/04/2020;20/08/2021;2021.0;5.0;6.2;5;42;S;A;S
